{
	"credit": "Made with Blockbench",
	"texture_size": [128, 128],
	"textures": {
		"0": "gachamachine:block/gacha_machine",
		"particle": "gachamachine:block/gacha_machine"
	},
	"elements": [
		{
			"from": [1, 10, 1],
			"to": [15, 14, 15],
			"rotation": {"angle": 0, "axis": "y", "origin": [14, 0, 0]},
			"faces": {
				"north": {"uv": [1.75, 4.875, 3.5, 5.375], "texture": "#0"},
				"east": {"uv": [0, 4.875, 1.75, 5.375], "texture": "#0"},
				"south": {"uv": [5.25, 4.875, 7, 5.375], "texture": "#0"},
				"west": {"uv": [3.5, 4.875, 5.25, 5.375], "texture": "#0"},
				"up": {"uv": [3.5, 4.875, 1.75, 3.125], "texture": "#0"},
				"down": {"uv": [5.25, 3.125, 3.5, 4.875], "texture": "#0"}
			}
		},
		{
			"from": [1, 0, 4],
			"to": [15, 10, 15],
			"rotation": {"angle": 0, "axis": "y", "origin": [14, -10, 0]},
			"faces": {
				"north": {"uv": [11.125, 5.25, 12.875, 6.5], "texture": "#0"},
				"east": {"uv": [9.75, 5.25, 11.125, 6.5], "texture": "#0"},
				"south": {"uv": [14.25, 5.25, 16, 6.5], "texture": "#0"},
				"west": {"uv": [12.875, 5.25, 14.25, 6.5], "texture": "#0"},
				"up": {"uv": [12.875, 5.25, 11.125, 3.875], "texture": "#0"},
				"down": {"uv": [14.625, 3.875, 12.875, 5.25], "texture": "#0"}
			}
		},
		{
			"from": [1, 0, 1],
			"to": [5, 10, 4],
			"rotation": {"angle": 0, "axis": "y", "origin": [14, -10, 0]},
			"faces": {
				"north": {"uv": [0.375, 6.25, 0.875, 7.5], "texture": "#0"},
				"east": {"uv": [0, 6.25, 0.375, 7.5], "texture": "#0"},
				"south": {"uv": [1.25, 6.25, 1.75, 7.5], "texture": "#0"},
				"west": {"uv": [0.875, 6.25, 1.25, 7.5], "texture": "#0"},
				"up": {"uv": [0.875, 6.25, 0.375, 5.875], "texture": "#0"},
				"down": {"uv": [1.375, 5.875, 0.875, 6.25], "texture": "#0"}
			}
		},
		{
			"from": [5, 7, 1],
			"to": [11, 10, 4],
			"rotation": {"angle": 0, "axis": "y", "origin": [20, -10, 0]},
			"faces": {
				"north": {"uv": [0.375, 8.5, 1.125, 8.875], "texture": "#0"},
				"east": {"uv": [0, 8.5, 0.375, 8.875], "texture": "#0"},
				"south": {"uv": [1.5, 8.5, 2.25, 8.875], "texture": "#0"},
				"west": {"uv": [1.125, 8.5, 1.5, 8.875], "texture": "#0"},
				"up": {"uv": [1.125, 8.5, 0.375, 8.125], "texture": "#0"},
				"down": {"uv": [1.875, 8.125, 1.125, 8.5], "texture": "#0"}
			}
		},
		{
			"from": [5, 0, 1],
			"to": [11, 1, 4],
			"rotation": {"angle": 0, "axis": "y", "origin": [20, -17, 0]},
			"faces": {
				"north": {"uv": [0.375, 10.25, 1.125, 10.375], "texture": "#0"},
				"east": {"uv": [0, 10.25, 0.375, 10.375], "texture": "#0"},
				"south": {"uv": [1.5, 10.25, 2.25, 10.375], "texture": "#0"},
				"west": {"uv": [1.125, 10.25, 1.5, 10.375], "texture": "#0"},
				"up": {"uv": [1.125, 10.25, 0.375, 9.875], "texture": "#0"},
				"down": {"uv": [1.875, 9.875, 1.125, 10.25], "texture": "#0"}
			}
		},
		{
			"from": [11, 0, 1],
			"to": [15, 10, 4],
			"rotation": {"angle": 0, "axis": "y", "origin": [2, -10, 0]},
			"faces": {
				"north": {"uv": [0.875, 6.25, 0.375, 7.5], "texture": "#0"},
				"east": {"uv": [1.25, 6.25, 0.875, 7.5], "texture": "#0"},
				"south": {"uv": [1.75, 6.25, 1.25, 7.5], "texture": "#0"},
				"west": {"uv": [0.375, 6.25, 0, 7.5], "texture": "#0"},
				"up": {"uv": [0.375, 6.25, 0.875, 5.875], "texture": "#0"},
				"down": {"uv": [0.875, 5.875, 1.375, 6.25], "texture": "#0"}
			}
		},
		{
			"name": "crank",
			"from": [6, 9.25, -1],
			"to": [10, 13.25, 2],
			"rotation": {"angle": 0, "axis": "y", "origin": [6, 11.25, 0]},
			"faces": {
				"north": {"uv": [0.375, 1.25, 0.875, 1.75], "texture": "#0"},
				"east": {"uv": [0, 1.25, 0.375, 1.75], "texture": "#0"},
				"south": {"uv": [1.25, 1.25, 1.75, 1.75], "texture": "#0"},
				"west": {"uv": [0.875, 1.25, 1.25, 1.75], "texture": "#0"},
				"up": {"uv": [0.875, 1.25, 0.375, 0.875], "texture": "#0"},
				"down": {"uv": [1.375, 0.875, 0.875, 1.25], "texture": "#0"}
			}
		}
	],
	"groups": [
		{
			"name": "lower",
			"origin": [6, 11.25, 0],
			"color": 0,
			"children": [0, 1, 2, 3, 4, 5, 6]
		}
	]
}