{
	"credit": "Made with Blockbench",
	"texture_size": [128, 128],
	"textures": {
		"0": "gachamachine:block/gacha_machine",
		"particle": "gachamachine:block/gacha_machine"
	},
	"elements": [
		{
			"name": "upper half",
			"from": [2, -1, 10.75],
			"to": [5, 1, 13.75],
			"rotation": {"angle": 22.5, "axis": "y", "origin": [3.5, -0.75, 12.25]},
			"faces": {
				"north": {"uv": [0.375, 11.375, 0.75, 11.625], "texture": "#0"},
				"east": {"uv": [0, 11.375, 0.375, 11.625], "texture": "#0"},
				"south": {"uv": [1.125, 11.375, 1.5, 11.625], "texture": "#0"},
				"west": {"uv": [0.75, 11.375, 1.125, 11.625], "texture": "#0"},
				"up": {"uv": [0.75, 11.375, 0.375, 11], "texture": "#0"},
				"down": {"uv": [1.125, 11, 0.75, 11.375], "texture": "#0"}
			}
		},
		{
			"name": "bottom half",
			"from": [2, -2, 10.75],
			"to": [5, -1, 13.75],
			"rotation": {"angle": 22.5, "axis": "y", "origin": [3.5, -0.75, 12.25]},
			"faces": {
				"north": {"uv": [0.375, 12.25, 0.75, 12.375], "texture": "#0"},
				"east": {"uv": [0, 12.25, 0.375, 12.375], "texture": "#0"},
				"south": {"uv": [1.125, 12.25, 1.5, 12.375], "texture": "#0"},
				"west": {"uv": [0.75, 12.25, 1.125, 12.375], "texture": "#0"},
				"up": {"uv": [0.75, 12.25, 0.375, 11.875], "texture": "#0"},
				"down": {"uv": [1.125, 11.875, 0.75, 12.25], "texture": "#0"}
			}
		},
		{
			"name": "upper half",
			"from": [11, -1, 8],
			"to": [14, 1, 11],
			"rotation": {"angle": -22.5, "axis": "y", "origin": [12.5, -0.75, 9.5]},
			"faces": {
				"north": {"uv": [0.375, 11.375, 0.75, 11.625], "texture": "#0"},
				"east": {"uv": [0, 11.375, 0.375, 11.625], "texture": "#0"},
				"south": {"uv": [1.125, 11.375, 1.5, 11.625], "texture": "#0"},
				"west": {"uv": [0.75, 11.375, 1.125, 11.625], "texture": "#0"},
				"up": {"uv": [0.75, 11.375, 0.375, 11], "texture": "#0"},
				"down": {"uv": [1.125, 11, 0.75, 11.375], "texture": "#0"}
			}
		},
		{
			"name": "bottom half",
			"from": [11, -2, 8],
			"to": [14, -1, 11],
			"rotation": {"angle": -22.5, "axis": "y", "origin": [12.5, -0.75, 9.5]},
			"faces": {
				"north": {"uv": [0.375, 12.25, 0.75, 12.375], "texture": "#0"},
				"east": {"uv": [0, 12.25, 0.375, 12.375], "texture": "#0"},
				"south": {"uv": [1.125, 12.25, 1.5, 12.375], "texture": "#0"},
				"west": {"uv": [0.75, 12.25, 1.125, 12.375], "texture": "#0"},
				"up": {"uv": [0.75, 12.25, 0.375, 11.875], "texture": "#0"},
				"down": {"uv": [1.125, 11.875, 0.75, 12.25], "texture": "#0"}
			}
		},
		{
			"name": "upper half",
			"from": [6.5, -1, 5],
			"to": [9.5, 1, 8],
			"rotation": {"angle": 0, "axis": "y", "origin": [8, -0.75, 6.5]},
			"faces": {
				"north": {"uv": [0.375, 11.375, 0.75, 11.625], "texture": "#0"},
				"east": {"uv": [0, 11.375, 0.375, 11.625], "texture": "#0"},
				"south": {"uv": [1.125, 11.375, 1.5, 11.625], "texture": "#0"},
				"west": {"uv": [0.75, 11.375, 1.125, 11.625], "texture": "#0"},
				"up": {"uv": [0.75, 11.375, 0.375, 11], "texture": "#0"},
				"down": {"uv": [1.125, 11, 0.75, 11.375], "texture": "#0"}
			}
		},
		{
			"name": "bottom half",
			"from": [6.5, -2, 5],
			"to": [9.5, -1, 8],
			"rotation": {"angle": 0, "axis": "y", "origin": [8, -0.75, 6.5]},
			"faces": {
				"north": {"uv": [0.375, 12.25, 0.75, 12.375], "texture": "#0"},
				"east": {"uv": [0, 12.25, 0.375, 12.375], "texture": "#0"},
				"south": {"uv": [1.125, 12.25, 1.5, 12.375], "texture": "#0"},
				"west": {"uv": [0.75, 12.25, 1.125, 12.375], "texture": "#0"},
				"up": {"uv": [0.75, 12.25, 0.375, 11.875], "texture": "#0"},
				"down": {"uv": [1.125, 11.875, 0.75, 12.25], "texture": "#0"}
			}
		},
		{
			"name": "upper half",
			"from": [11.25, 2, 3.75],
			"to": [14.25, 4, 6.75],
			"rotation": {"angle": -22.5, "axis": "y", "origin": [12.75, 2.25, 5.25]},
			"faces": {
				"north": {"uv": [0.375, 11.375, 0.75, 11.625], "texture": "#0"},
				"east": {"uv": [0, 11.375, 0.375, 11.625], "texture": "#0"},
				"south": {"uv": [1.125, 11.375, 1.5, 11.625], "texture": "#0"},
				"west": {"uv": [0.75, 11.375, 1.125, 11.625], "texture": "#0"},
				"up": {"uv": [0.75, 11.375, 0.375, 11], "texture": "#0"},
				"down": {"uv": [1.125, 11, 0.75, 11.375], "texture": "#0"}
			}
		},
		{
			"name": "bottom half",
			"from": [11.25, 1, 3.75],
			"to": [14.25, 2, 6.75],
			"rotation": {"angle": -22.5, "axis": "y", "origin": [12.75, 2.25, 5.25]},
			"faces": {
				"north": {"uv": [0.375, 12.25, 0.75, 12.375], "texture": "#0"},
				"east": {"uv": [0, 12.25, 0.375, 12.375], "texture": "#0"},
				"south": {"uv": [1.125, 12.25, 1.5, 12.375], "texture": "#0"},
				"west": {"uv": [0.75, 12.25, 1.125, 12.375], "texture": "#0"},
				"up": {"uv": [0.75, 12.25, 0.375, 11.875], "texture": "#0"},
				"down": {"uv": [1.125, 11.875, 0.75, 12.25], "texture": "#0"}
			}
		},
		{
			"name": "upper half",
			"from": [6.25, 2, 2.25],
			"to": [9.25, 4, 5.25],
			"rotation": {"angle": 0, "axis": "y", "origin": [7.75, 2.25, 3.75]},
			"faces": {
				"north": {"uv": [0.375, 11.375, 0.75, 11.625], "texture": "#0"},
				"east": {"uv": [0, 11.375, 0.375, 11.625], "texture": "#0"},
				"south": {"uv": [1.125, 11.375, 1.5, 11.625], "texture": "#0"},
				"west": {"uv": [0.75, 11.375, 1.125, 11.625], "texture": "#0"},
				"up": {"uv": [0.75, 11.375, 0.375, 11], "texture": "#0"},
				"down": {"uv": [1.125, 11, 0.75, 11.375], "texture": "#0"}
			}
		},
		{
			"name": "bottom half",
			"from": [6.25, 1, 2.25],
			"to": [9.25, 2, 5.25],
			"rotation": {"angle": 0, "axis": "y", "origin": [7.75, 2.25, 3.75]},
			"faces": {
				"north": {"uv": [0.375, 12.25, 0.75, 12.375], "texture": "#0"},
				"east": {"uv": [0, 12.25, 0.375, 12.375], "texture": "#0"},
				"south": {"uv": [1.125, 12.25, 1.5, 12.375], "texture": "#0"},
				"west": {"uv": [0.75, 12.25, 1.125, 12.375], "texture": "#0"},
				"up": {"uv": [0.75, 12.25, 0.375, 11.875], "texture": "#0"},
				"down": {"uv": [1.125, 11.875, 0.75, 12.25], "texture": "#0"}
			}
		},
		{
			"name": "upper half",
			"from": [8.25, -1, 1.25],
			"to": [11.25, 1, 4.25],
			"rotation": {"angle": 0, "axis": "y", "origin": [9.75, -0.75, 2.75]},
			"faces": {
				"north": {"uv": [0.375, 11.375, 0.75, 11.625], "texture": "#0"},
				"east": {"uv": [0, 11.375, 0.375, 11.625], "texture": "#0"},
				"south": {"uv": [1.125, 11.375, 1.5, 11.625], "texture": "#0"},
				"west": {"uv": [0.75, 11.375, 1.125, 11.625], "texture": "#0"},
				"up": {"uv": [0.75, 11.375, 0.375, 11], "texture": "#0"},
				"down": {"uv": [1.125, 11, 0.75, 11.375], "texture": "#0"}
			}
		},
		{
			"name": "bottom half",
			"from": [8.25, -2, 1.25],
			"to": [11.25, -1, 4.25],
			"rotation": {"angle": 0, "axis": "y", "origin": [9.75, -0.75, 2.75]},
			"faces": {
				"north": {"uv": [0.375, 12.25, 0.75, 12.375], "texture": "#0"},
				"east": {"uv": [0, 12.25, 0.375, 12.375], "texture": "#0"},
				"south": {"uv": [1.125, 12.25, 1.5, 12.375], "texture": "#0"},
				"west": {"uv": [0.75, 12.25, 1.125, 12.375], "texture": "#0"},
				"up": {"uv": [0.75, 12.25, 0.375, 11.875], "texture": "#0"},
				"down": {"uv": [1.125, 11.875, 0.75, 12.25], "texture": "#0"}
			}
		},
		{
			"name": "upper half",
			"from": [4, -1, 1],
			"to": [7, 1, 4],
			"rotation": {"angle": 22.5, "axis": "y", "origin": [5.5, -0.75, 2.5]},
			"faces": {
				"north": {"uv": [0.375, 11.375, 0.75, 11.625], "texture": "#0"},
				"east": {"uv": [0, 11.375, 0.375, 11.625], "texture": "#0"},
				"south": {"uv": [1.125, 11.375, 1.5, 11.625], "texture": "#0"},
				"west": {"uv": [0.75, 11.375, 1.125, 11.625], "texture": "#0"},
				"up": {"uv": [0.75, 11.375, 0.375, 11], "texture": "#0"},
				"down": {"uv": [1.125, 11, 0.75, 11.375], "texture": "#0"}
			}
		},
		{
			"name": "bottom half",
			"from": [4, -2, 1],
			"to": [7, -1, 4],
			"rotation": {"angle": 22.5, "axis": "y", "origin": [5.5, -0.75, 2.5]},
			"faces": {
				"north": {"uv": [0.375, 12.25, 0.75, 12.375], "texture": "#0"},
				"east": {"uv": [0, 12.25, 0.375, 12.375], "texture": "#0"},
				"south": {"uv": [1.125, 12.25, 1.5, 12.375], "texture": "#0"},
				"west": {"uv": [0.75, 12.25, 1.125, 12.375], "texture": "#0"},
				"up": {"uv": [0.75, 12.25, 0.375, 11.875], "texture": "#0"},
				"down": {"uv": [1.125, 11.875, 0.75, 12.25], "texture": "#0"}
			}
		},
		{
			"name": "upper half",
			"from": [10, 2, 12],
			"to": [13, 4, 15],
			"rotation": {"angle": 0, "axis": "y", "origin": [11.5, 2.25, 13.5]},
			"faces": {
				"north": {"uv": [0.375, 11.375, 0.75, 11.625], "texture": "#0"},
				"east": {"uv": [0, 11.375, 0.375, 11.625], "texture": "#0"},
				"south": {"uv": [1.125, 11.375, 1.5, 11.625], "texture": "#0"},
				"west": {"uv": [0.75, 11.375, 1.125, 11.625], "texture": "#0"},
				"up": {"uv": [0.75, 11.375, 0.375, 11], "texture": "#0"},
				"down": {"uv": [1.125, 11, 0.75, 11.375], "texture": "#0"}
			}
		},
		{
			"name": "bottom half",
			"from": [10, 1, 12],
			"to": [13, 2, 15],
			"rotation": {"angle": 0, "axis": "y", "origin": [11.5, 2.25, 13.5]},
			"faces": {
				"north": {"uv": [0.375, 12.25, 0.75, 12.375], "texture": "#0"},
				"east": {"uv": [0, 12.25, 0.375, 12.375], "texture": "#0"},
				"south": {"uv": [1.125, 12.25, 1.5, 12.375], "texture": "#0"},
				"west": {"uv": [0.75, 12.25, 1.125, 12.375], "texture": "#0"},
				"up": {"uv": [0.75, 12.25, 0.375, 11.875], "texture": "#0"},
				"down": {"uv": [1.125, 11.875, 0.75, 12.25], "texture": "#0"}
			}
		},
		{
			"name": "upper half",
			"from": [6, 2, 6.25],
			"to": [9, 4, 9.25],
			"rotation": {"angle": 0, "axis": "y", "origin": [7.5, 2.25, 7.75]},
			"faces": {
				"north": {"uv": [0.375, 11.375, 0.75, 11.625], "texture": "#0"},
				"east": {"uv": [0, 11.375, 0.375, 11.625], "texture": "#0"},
				"south": {"uv": [1.125, 11.375, 1.5, 11.625], "texture": "#0"},
				"west": {"uv": [0.75, 11.375, 1.125, 11.625], "texture": "#0"},
				"up": {"uv": [0.75, 11.375, 0.375, 11], "texture": "#0"},
				"down": {"uv": [1.125, 11, 0.75, 11.375], "texture": "#0"}
			}
		},
		{
			"name": "bottom half",
			"from": [6, 1, 6.25],
			"to": [9, 2, 9.25],
			"rotation": {"angle": 0, "axis": "y", "origin": [7.5, 2.25, 7.75]},
			"faces": {
				"north": {"uv": [0.375, 12.25, 0.75, 12.375], "texture": "#0"},
				"east": {"uv": [0, 12.25, 0.375, 12.375], "texture": "#0"},
				"south": {"uv": [1.125, 12.25, 1.5, 12.375], "texture": "#0"},
				"west": {"uv": [0.75, 12.25, 1.125, 12.375], "texture": "#0"},
				"up": {"uv": [0.75, 12.25, 0.375, 11.875], "texture": "#0"},
				"down": {"uv": [1.125, 11.875, 0.75, 12.25], "texture": "#0"}
			}
		},
		{
			"name": "upper half",
			"from": [11.75, -1, 4],
			"to": [14.75, 1, 7],
			"rotation": {"angle": 22.5, "axis": "y", "origin": [13.25, -0.75, 5.5]},
			"faces": {
				"north": {"uv": [0.375, 11.375, 0.75, 11.625], "texture": "#0"},
				"east": {"uv": [0, 11.375, 0.375, 11.625], "texture": "#0"},
				"south": {"uv": [1.125, 11.375, 1.5, 11.625], "texture": "#0"},
				"west": {"uv": [0.75, 11.375, 1.125, 11.625], "texture": "#0"},
				"up": {"uv": [0.75, 11.375, 0.375, 11], "texture": "#0"},
				"down": {"uv": [1.125, 11, 0.75, 11.375], "texture": "#0"}
			}
		},
		{
			"name": "bottom half",
			"from": [11.75, -2, 4],
			"to": [14.75, -1, 7],
			"rotation": {"angle": 22.5, "axis": "y", "origin": [13.25, -0.75, 5.5]},
			"faces": {
				"north": {"uv": [0.375, 12.25, 0.75, 12.375], "texture": "#0"},
				"east": {"uv": [0, 12.25, 0.375, 12.375], "texture": "#0"},
				"south": {"uv": [1.125, 12.25, 1.5, 12.375], "texture": "#0"},
				"west": {"uv": [0.75, 12.25, 1.125, 12.375], "texture": "#0"},
				"up": {"uv": [0.75, 12.25, 0.375, 11.875], "texture": "#0"},
				"down": {"uv": [1.125, 11.875, 0.75, 12.25], "texture": "#0"}
			}
		},
		{
			"name": "upper half",
			"from": [1.75, 2, 4],
			"to": [4.75, 4, 7],
			"rotation": {"angle": 22.5, "axis": "y", "origin": [3.25, 2.25, 5.5]},
			"faces": {
				"north": {"uv": [0.375, 11.375, 0.75, 11.625], "texture": "#0"},
				"east": {"uv": [0, 11.375, 0.375, 11.625], "texture": "#0"},
				"south": {"uv": [1.125, 11.375, 1.5, 11.625], "texture": "#0"},
				"west": {"uv": [0.75, 11.375, 1.125, 11.625], "texture": "#0"},
				"up": {"uv": [0.75, 11.375, 0.375, 11], "texture": "#0"},
				"down": {"uv": [1.125, 11, 0.75, 11.375], "texture": "#0"}
			}
		},
		{
			"name": "bottom half",
			"from": [1.75, 1, 4],
			"to": [4.75, 2, 7],
			"rotation": {"angle": 22.5, "axis": "y", "origin": [3.25, 2.25, 5.5]},
			"faces": {
				"north": {"uv": [0.375, 12.25, 0.75, 12.375], "texture": "#0"},
				"east": {"uv": [0, 12.25, 0.375, 12.375], "texture": "#0"},
				"south": {"uv": [1.125, 12.25, 1.5, 12.375], "texture": "#0"},
				"west": {"uv": [0.75, 12.25, 1.125, 12.375], "texture": "#0"},
				"up": {"uv": [0.75, 12.25, 0.375, 11.875], "texture": "#0"},
				"down": {"uv": [1.125, 11.875, 0.75, 12.25], "texture": "#0"}
			}
		},
		{
			"name": "upper half",
			"from": [6, -1, 9.25],
			"to": [9, 1, 12.25],
			"rotation": {"angle": 22.5, "axis": "y", "origin": [7.5, -0.75, 10.75]},
			"faces": {
				"north": {"uv": [0.375, 11.375, 0.75, 11.625], "texture": "#0"},
				"east": {"uv": [0, 11.375, 0.375, 11.625], "texture": "#0"},
				"south": {"uv": [1.125, 11.375, 1.5, 11.625], "texture": "#0"},
				"west": {"uv": [0.75, 11.375, 1.125, 11.625], "texture": "#0"},
				"up": {"uv": [0.75, 11.375, 0.375, 11], "texture": "#0"},
				"down": {"uv": [1.125, 11, 0.75, 11.375], "texture": "#0"}
			}
		},
		{
			"name": "bottom half",
			"from": [6, -2, 9.25],
			"to": [9, -1, 12.25],
			"rotation": {"angle": 22.5, "axis": "y", "origin": [7.5, -0.75, 10.75]},
			"faces": {
				"north": {"uv": [0.375, 12.25, 0.75, 12.375], "texture": "#0"},
				"east": {"uv": [0, 12.25, 0.375, 12.375], "texture": "#0"},
				"south": {"uv": [1.125, 12.25, 1.5, 12.375], "texture": "#0"},
				"west": {"uv": [0.75, 12.25, 1.125, 12.375], "texture": "#0"},
				"up": {"uv": [0.75, 12.25, 0.375, 11.875], "texture": "#0"},
				"down": {"uv": [1.125, 11.875, 0.75, 12.25], "texture": "#0"}
			}
		},
		{
			"name": "upper half",
			"from": [8.85, -1, 11.3],
			"to": [11.85, 1, 14.3],
			"rotation": {"angle": 22.5, "axis": "y", "origin": [10.35, -0.75, 12.8]},
			"faces": {
				"north": {"uv": [0.375, 11.375, 0.75, 11.625], "texture": "#0"},
				"east": {"uv": [0, 11.375, 0.375, 11.625], "texture": "#0"},
				"south": {"uv": [1.125, 11.375, 1.5, 11.625], "texture": "#0"},
				"west": {"uv": [0.75, 11.375, 1.125, 11.625], "texture": "#0"},
				"up": {"uv": [0.75, 11.375, 0.375, 11], "texture": "#0"},
				"down": {"uv": [1.125, 11, 0.75, 11.375], "texture": "#0"}
			}
		},
		{
			"name": "bottom half",
			"from": [8.85, -2, 11.3],
			"to": [11.85, -1, 14.3],
			"rotation": {"angle": 22.5, "axis": "y", "origin": [10.35, -0.75, 12.8]},
			"faces": {
				"north": {"uv": [0.375, 12.25, 0.75, 12.375], "texture": "#0"},
				"east": {"uv": [0, 12.25, 0.375, 12.375], "texture": "#0"},
				"south": {"uv": [1.125, 12.25, 1.5, 12.375], "texture": "#0"},
				"west": {"uv": [0.75, 12.25, 1.125, 12.375], "texture": "#0"},
				"up": {"uv": [0.75, 12.25, 0.375, 11.875], "texture": "#0"},
				"down": {"uv": [1.125, 11.875, 0.75, 12.25], "texture": "#0"}
			}
		},
		{
			"name": "upper half",
			"from": [3.25, -1, 6.75],
			"to": [6.25, 1, 9.75],
			"rotation": {"angle": -22.5, "axis": "y", "origin": [4.75, -0.75, 8.25]},
			"faces": {
				"north": {"uv": [0.375, 11.375, 0.75, 11.625], "texture": "#0"},
				"east": {"uv": [0, 11.375, 0.375, 11.625], "texture": "#0"},
				"south": {"uv": [1.125, 11.375, 1.5, 11.625], "texture": "#0"},
				"west": {"uv": [0.75, 11.375, 1.125, 11.625], "texture": "#0"},
				"up": {"uv": [0.75, 11.375, 0.375, 11], "texture": "#0"},
				"down": {"uv": [1.125, 11, 0.75, 11.375], "texture": "#0"}
			}
		},
		{
			"name": "bottom half",
			"from": [3.25, -2, 6.75],
			"to": [6.25, -1, 9.75],
			"rotation": {"angle": -22.5, "axis": "y", "origin": [4.75, -0.75, 8.25]},
			"faces": {
				"north": {"uv": [0.375, 12.25, 0.75, 12.375], "texture": "#0"},
				"east": {"uv": [0, 12.25, 0.375, 12.375], "texture": "#0"},
				"south": {"uv": [1.125, 12.25, 1.5, 12.375], "texture": "#0"},
				"west": {"uv": [0.75, 12.25, 1.125, 12.375], "texture": "#0"},
				"up": {"uv": [0.75, 12.25, 0.375, 11.875], "texture": "#0"},
				"down": {"uv": [1.125, 11.875, 0.75, 12.25], "texture": "#0"}
			}
		},
		{
			"name": "upper half",
			"from": [4, 2, 10],
			"to": [7, 4, 13],
			"rotation": {"angle": 22.5, "axis": "y", "origin": [5.5, 2.25, 11.5]},
			"faces": {
				"north": {"uv": [0.375, 11.375, 0.75, 11.625], "texture": "#0"},
				"east": {"uv": [0, 11.375, 0.375, 11.625], "texture": "#0"},
				"south": {"uv": [1.125, 11.375, 1.5, 11.625], "texture": "#0"},
				"west": {"uv": [0.75, 11.375, 1.125, 11.625], "texture": "#0"},
				"up": {"uv": [0.75, 11.375, 0.375, 11], "texture": "#0"},
				"down": {"uv": [1.125, 11, 0.75, 11.375], "texture": "#0"}
			}
		},
		{
			"name": "bottom half",
			"from": [4, 1, 10],
			"to": [7, 2, 13],
			"rotation": {"angle": 22.5, "axis": "y", "origin": [5.5, 2.25, 11.5]},
			"faces": {
				"north": {"uv": [0.375, 12.25, 0.75, 12.375], "texture": "#0"},
				"east": {"uv": [0, 12.25, 0.375, 12.375], "texture": "#0"},
				"south": {"uv": [1.125, 12.25, 1.5, 12.375], "texture": "#0"},
				"west": {"uv": [0.75, 12.25, 1.125, 12.375], "texture": "#0"},
				"up": {"uv": [0.75, 12.25, 0.375, 11.875], "texture": "#0"},
				"down": {"uv": [1.125, 11.875, 0.75, 12.25], "texture": "#0"}
			}
		},
		{
			"name": "upper half",
			"from": [9, 2, 8],
			"to": [12, 4, 11],
			"rotation": {"angle": 0, "axis": "y", "origin": [10.5, 2.25, 9.5]},
			"faces": {
				"north": {"uv": [0.375, 11.375, 0.75, 11.625], "texture": "#0"},
				"east": {"uv": [0, 11.375, 0.375, 11.625], "texture": "#0"},
				"south": {"uv": [1.125, 11.375, 1.5, 11.625], "texture": "#0"},
				"west": {"uv": [0.75, 11.375, 1.125, 11.625], "texture": "#0"},
				"up": {"uv": [0.75, 11.375, 0.375, 11], "texture": "#0"},
				"down": {"uv": [1.125, 11, 0.75, 11.375], "texture": "#0"}
			}
		},
		{
			"name": "bottom half",
			"from": [9, 1, 8],
			"to": [12, 2, 11],
			"rotation": {"angle": 0, "axis": "y", "origin": [10.5, 2.25, 9.5]},
			"faces": {
				"north": {"uv": [0.375, 12.25, 0.75, 12.375], "texture": "#0"},
				"east": {"uv": [0, 12.25, 0.375, 12.375], "texture": "#0"},
				"south": {"uv": [1.125, 12.25, 1.5, 12.375], "texture": "#0"},
				"west": {"uv": [0.75, 12.25, 1.125, 12.375], "texture": "#0"},
				"up": {"uv": [0.75, 12.25, 0.375, 11.875], "texture": "#0"},
				"down": {"uv": [1.125, 11.875, 0.75, 12.25], "texture": "#0"}
			}
		},
		{
			"name": "upper half",
			"from": [1, -1, 4],
			"to": [4, 1, 7],
			"rotation": {"angle": 0, "axis": "y", "origin": [2.5, -0.75, 5.5]},
			"faces": {
				"north": {"uv": [0.375, 11.375, 0.75, 11.625], "texture": "#0"},
				"east": {"uv": [0, 11.375, 0.375, 11.625], "texture": "#0"},
				"south": {"uv": [1.125, 11.375, 1.5, 11.625], "texture": "#0"},
				"west": {"uv": [0.75, 11.375, 1.125, 11.625], "texture": "#0"},
				"up": {"uv": [0.75, 11.375, 0.375, 11], "texture": "#0"},
				"down": {"uv": [1.125, 11, 0.75, 11.375], "texture": "#0"}
			}
		},
		{
			"name": "bottom half",
			"from": [1, -2, 4],
			"to": [4, -1, 7],
			"rotation": {"angle": 0, "axis": "y", "origin": [2.5, -0.75, 5.5]},
			"faces": {
				"north": {"uv": [0.375, 12.25, 0.75, 12.375], "texture": "#0"},
				"east": {"uv": [0, 12.25, 0.375, 12.375], "texture": "#0"},
				"south": {"uv": [1.125, 12.25, 1.5, 12.375], "texture": "#0"},
				"west": {"uv": [0.75, 12.25, 1.125, 12.375], "texture": "#0"},
				"up": {"uv": [0.75, 12.25, 0.375, 11.875], "texture": "#0"},
				"down": {"uv": [1.125, 11.875, 0.75, 12.25], "texture": "#0"}
			}
		},
		{
			"name": "pokeball dome red",
			"from": [0.5, 5, 0.5],
			"to": [15.5, 13, 15.5],
			"rotation": {"angle": 0, "axis": "y", "origin": [14.5, -2, 0.5]},
			"faces": {
				"north": {"uv": [1.875, 1.875, 3.75, 2.875], "texture": "#0"},
				"east": {"uv": [0, 1.875, 1.875, 2.875], "texture": "#0"},
				"south": {"uv": [5.625, 1.875, 7.5, 2.875], "texture": "#0"},
				"west": {"uv": [3.75, 1.875, 5.625, 2.875], "texture": "#0"},
				"up": {"uv": [3.75, 1.875, 1.875, 0], "texture": "#0"},
				"down": {"uv": [5.625, 0, 3.75, 1.875], "texture": "#0"}
			}
		},
		{
			"name": "pokeball dome white",
			"from": [0.5, -2, 0.5],
			"to": [15.5, 5, 15.5],
			"rotation": {"angle": 0, "axis": "y", "origin": [14.5, -10, 0.5]},
			"faces": {
				"north": {"uv": [9.75, 1.875, 11.625, 2.75], "texture": "#0"},
				"east": {"uv": [7.875, 1.875, 9.75, 2.75], "texture": "#0"},
				"south": {"uv": [13.5, 1.875, 15.375, 2.75], "texture": "#0"},
				"west": {"uv": [11.625, 1.875, 13.5, 2.75], "texture": "#0"},
				"up": {"uv": [11.625, 1.875, 9.75, 0], "texture": "#0"},
				"down": {"uv": [13.5, 0, 11.625, 1.875], "texture": "#0"}
			}
		},
		{
			"name": "pokeball center",
			"from": [6, 3, 0],
			"to": [10, 7, 1],
			"rotation": {"angle": 0, "axis": "y", "origin": [6, 3, 0]},
			"faces": {
				"north": {"uv": [0.125, 0.25, 0.625, 0.75], "texture": "#0"},
				"east": {"uv": [0, 0.25, 0.125, 0.75], "texture": "#0"},
				"south": {"uv": [0.75, 0.25, 1.25, 0.75], "texture": "#0"},
				"west": {"uv": [0.625, 0.25, 0.75, 0.75], "texture": "#0"},
				"up": {"uv": [0.625, 0.25, 0.125, 0.125], "texture": "#0"},
				"down": {"uv": [1.125, 0.125, 0.625, 0.25], "texture": "#0"}
			}
		}
	],
	"groups": [
		{
			"name": "upper",
			"origin": [14.5, 14, 0.5],
			"color": 0,
			"children": [
				{
					"name": "group",
					"origin": [8, 8, 8],
					"color": 0,
					"children": [
						{
							"name": "gachaballs",
							"origin": [8, 8, 8],
							"color": 0,
							"children": [0, 1]
						},
						{
							"name": "gachaballs",
							"origin": [8, 8, 8],
							"color": 0,
							"children": [2, 3]
						},
						{
							"name": "gachaballs",
							"origin": [8, 8, 8],
							"color": 0,
							"children": [4, 5]
						},
						{
							"name": "gachaballs",
							"origin": [8, 8, 8],
							"color": 0,
							"children": [6, 7]
						},
						{
							"name": "gachaballs",
							"origin": [8, 8, 8],
							"color": 0,
							"children": [8, 9]
						},
						{
							"name": "gachaballs",
							"origin": [8, 8, 8],
							"color": 0,
							"children": [10, 11]
						},
						{
							"name": "gachaballs",
							"origin": [8, 8, 8],
							"color": 0,
							"children": [12, 13]
						},
						{
							"name": "gachaballs",
							"origin": [8, 8, 8],
							"color": 0,
							"children": [14, 15]
						},
						{
							"name": "gachaballs",
							"origin": [8, 8, 8],
							"color": 0,
							"children": [16, 17]
						},
						{
							"name": "gachaballs",
							"origin": [8, 8, 8],
							"color": 0,
							"children": [
								18,
								19,
								{
									"name": "gachaballs",
									"origin": [8, 8, 8],
									"color": 0,
									"children": [20, 21]
								}
							]
						},
						{
							"name": "gachaballs",
							"origin": [8, 8, 8],
							"color": 0,
							"children": [22, 23]
						},
						{
							"name": "gachaballs",
							"origin": [8, 8, 8],
							"color": 0,
							"children": [24, 25]
						},
						{
							"name": "gachaballs",
							"origin": [8, 8, 8],
							"color": 0,
							"children": [26, 27]
						},
						{
							"name": "gachaballs",
							"origin": [8, 8, 8],
							"color": 0,
							"children": [28, 29]
						},
						{
							"name": "gachaballs",
							"origin": [8, 8, 8],
							"color": 0,
							"children": [30, 31]
						},
						{
							"name": "gachaballs",
							"origin": [8, 8, 8],
							"color": 0,
							"children": [32, 33]
						}
					]
				},
				34,
				35,
				36
			]
		}
	]
}